<?xml version="1.0" encoding="utf-16"?>
<ArrayOfBusinessRule xmlns:xsd="http://www.w3.org/2001/XMLSchema" xmlns:xsi="http://www.w3.org/2001/XMLSchema-instance">
  <BusinessRule>
    <Identity>
      <AutomaticallyPopulate>true</AutomaticallyPopulate>
      <Id>F4908EB4793F42D8B8A791658969A5C5</Id>
      <Name>Test Write File</Name>
      <Version>8</Version>
      <ProcessId />
    </Identity>
    <LatestVersion>false</LatestVersion>
    <Version>8</Version>
    <ProcessIdentity>
      <Id>5ED4770E197A47A18910976087CE35EE</Id>
      <AutomaticallyPopulate>true</AutomaticallyPopulate>
      <Version>8</Version>
      <Name>Test Write File</Name>
    </ProcessIdentity>
    <RuleType>Process</RuleType>
    <CategoryIdentity>
      <Id>201F370CA5164F76ADDD8EEEFF666AF7</Id>
      <AutomaticallyPopulate>true</AutomaticallyPopulate>
      <Name />
    </CategoryIdentity>
    <LastModifiedUserName>Alisha Raj K</LastModifiedUserName>
    <FlaggedForRelease>false</FlaggedForRelease>
    <CurrentRuleView>Released</CurrentRuleView>
    <IsRuleInUse>false</IsRuleInUse>
    <LastModifiedUser>14A18BFA30494CD09769F654EC4492E6</LastModifiedUser>
    <LastModifiedDate>2021-01-23T00:35:52.47</LastModifiedDate>
    <WIPRuleData />
    <ReleaseRuleData>
      <inputs>
        <name>CONTENT</name>
        <type>8</type>
        <description>content</description>
      </inputs>
      <outputs>
        <name>STATUS</name>
        <type>11</type>
        <description>Status</description>
      </outputs>
      <outputs>
        <name>RESPONSE</name>
        <type>8</type>
        <description>Response</description>
      </outputs>
      <businessrulecalculations />
    </ReleaseRuleData>
    <Description />
    <Rule>
      <inputs>
        <name>CONTENT</name>
        <type>8</type>
        <description>content</description>
      </inputs>
      <outputs>
        <name>STATUS</name>
        <type>11</type>
        <description>Status</description>
      </outputs>
      <outputs>
        <name>RESPONSE</name>
        <type>8</type>
        <description>Response</description>
      </outputs>
      <businessrulecalculations />
    </Rule>
  </BusinessRule>
</ArrayOfBusinessRule>